MJD,Phase,Instrument,Telescope,Band,mag,e_mag,Delta,Ref,Used,Average,Repeated,Outlier,Excluded
57982.981,0.452,E2V4kx4kccd,Swope,i,17.48,0.02,0.0,2017arXiv171005452C,*,,,,
57982.99,0.461,FourStar,Magellan,H,18.26,0.15,0.0,2017arXiv171005443D,*,,,,
57982.993,0.464,AltaU47+,Prompt5,r,17.46,0.03,0.0,2017ApJ...848L..24V,*,,,,
57982.999,0.47,VIRCAM,VISTA,Ks,18.62,0.05,0.0,2017ApJ...848L..27T,*,,,,
57983.0,0.471,FourStar,Magellan,J,17.83,0.15,0.0,2017arXiv171005443D,*,,,,
57983.0,0.471,LDSS,Magellan,V,17.35,0.02,0.0,2017arXiv171005443D,*,,,,
57983.0,0.471,LDSS,Magellan,r,17.33,0.02,0.0,2017arXiv171005443D,*,,,,
57983.0,0.471,LDSS,Magellan,z,17.67,0.03,0.0,2017arXiv171005443D,*,,,,
57983.001,0.472,MASTER,OAFA,W,17.5,0.2,0.0,2017ApJ...850L...1L,*,,,,
57983.003,0.474,DECam,Blanco/CTIO,i,17.48,0.03,0.0,2017ApJ...848L..17C,*,,,,
57983.004,0.475,DECam,Blanco/CTIO,z,17.59,0.03,0.0,2017ApJ...848L..17C,*,,,,
57983.006,0.477,LDSS,Magellan,g,17.41,0.02,0.0,2017arXiv171005443D,*,,,,
57983.009,0.48,VIRCAM,VISTA,J,17.88,0.03,0.0,2017ApJ...848L..27T,*,,,,
57983.011,0.482,LDSS,Magellan,g,17.41,0.04,0.0,2017arXiv171005443D,*,,,,
57983.011,0.482,Sinistro,LCO1m,w,17.49,0.04,0.0,2017Natur.551...64A,X,,,,
57983.014,0.485,LDSS,Magellan,g,17.39,0.02,0.0,2017arXiv171005443D,*,,,,
57983.015,0.486,MASTER,OAFA,W,17.1,0.2,0.0,2017ApJ...850L...1L,*,,,,
57983.019,0.49,VIRCAM,VISTA,Y,17.46,0.01,0.0,2017ApJ...848L..27T,*,,,,
57983.028,0.499,AltaU47+,Prompt5,r,17.56,0.04,0.0,2017ApJ...848L..24V,*,,,,
57983.029,0.5,VIRCAM,VISTA,Ks,18.64,0.06,0.0,2017ApJ...848L..27T,*,,,,
57983.03,0.501,FourStar,Magellan,Ks,18.41,0.15,0.0,2017arXiv171005443D,*,,,,
57983.039,0.51,VIRCAM,VISTA,J,17.82,0.03,0.0,2017ApJ...848L..27T,*,,,,
57983.05,0.521,ROS2,REM,g,17.32,0.07,0.0,2017Natur.551...67P,*,,,,
57983.05,0.521,ROS2,REM,i,16.98,0.05,0.0,2017Natur.551...67P,*,,,,
57983.05,0.521,ROS2,REM,r,17.14,0.08,0.0,2017Natur.551...67P,*,,,,
57983.05,0.521,ROS2,REM,z,16.85,0.1,0.0,2017Natur.551...67P,*,O,,,
57983.059,0.53,FLAMINGOS-2,Gemini-S,Ks,18.42,0.04,0.0,2017arXiv171005436K,*,,,,
57983.156,0.627,UVOT,Swift,M2,21.12,0.22,0.0,2017arXiv171005437E,*,,,,
57983.162,0.633,UVOT,Swift,W1,19.46,0.11,0.0,2017arXiv171005437E,*,,,,
57983.167,0.638,UVOT,Swift,U,18.19,0.09,0.0,2017arXiv171005437E,*,,,,
57983.172,0.643,UVOT,Swift,W2,21.13,0.23,0.0,2017arXiv171005437E,*,,,,
57983.229,0.7,HSC,Subaru,z,17.4,0.01,0.0,2017arXiv171005848U,*,,,,
57983.231,0.702,GFC,Pan-STARRS,i,17.24,0.06,0.0,2017Natur.551...75S,*,,,,
57983.231,0.702,GFC,Pan-STARRS,y,17.38,0.1,0.0,2017Natur.551...75S,*,,,,
57983.231,0.702,GFC,Pan-STARRS,z,17.26,0.06,0.0,2017Natur.551...75S,*,,,,
57983.382,0.853,Sinistro,LCO1m,w,17.31,0.04,0.0,2017Natur.551...64A,X,,,,
57983.387,0.858,Skymapper,Skymapper,i,17.42,0.05,0.0,2017arXiv171005846A,*,,,,
57983.401,0.872,Sinistro,LCO1m,g,17.28,0.12,-0.04,2017Natur.551...64A,*,,,,
57983.405,0.876,Sinistro,LCO1m,r,17.2,0.02,-0.02,2017Natur.551...64A,*,,,,
57983.419,0.89,Skymapper,Skymapper,r,17.32,0.07,0.0,2017arXiv171005846A,*,,,,
57983.421,0.892,Skymapper,Skymapper,g,17.46,0.08,0.0,2017arXiv171005846A,*,,,,
57983.55,1.021,10k10kccd,AST3-2,i,17.14,0.13,-0.09,2017arXiv171005462H,*,,,,
57983.569,1.04,UVOT,Swift,W1,20.21,0.21,0.0,2017arXiv171005437E,*,,,,
57983.572,1.042,UVOT,Swift,U,19.0,0.16,0.0,2017arXiv171005437E,*,,,,
57983.594,1.065,10k10kccd,AST3-2,i,17.48,0.07,-0.13,2017arXiv171005462H,*,,,,
57983.594,1.065,UVOT,Swift,M2,22.52,0.5,0.0,2017arXiv171005437E,*,,,,
57983.625,1.096,10k10kccd,AST3-2,i,17.58,0.09,-0.14,2017arXiv171005462H,*,,,,
57983.699,1.17,SIRIUS,IRSF,H,17.64,0.04,0.0,2017arXiv171005848U,*,,,,
57983.699,1.17,SIRIUS,IRSF,J,17.51,0.03,0.0,2017arXiv171005848U,*,,,,
57983.699,1.17,SIRIUS,IRSF,Ks,17.91,0.05,0.0,2017arXiv171005848U,*,,,,
57983.717,1.188,MASTER,SAAO,W,17.3,0.2,0.0,2017ApJ...850L...1L,*,,,,
57983.719,1.19,-,KMTNet-SAAO,B,18.47,0.11,0.0,2017Natur.551...71T,*,,,,
57983.719,1.19,-,KMTNet-SAAO,I,17.58,0.1,0.0,2017Natur.551...71T,*,,,,
57983.719,1.19,-,KMTNet-SAAO,R,17.65,0.05,0.0,2017Natur.551...71T,*,,,,
57983.719,1.19,-,KMTNet-SAAO,V,17.81,0.04,0.0,2017Natur.551...71T,*,,,,
57983.726,1.197,MASTER,SAAO,R,17.0,0.2,0.0,2017ApJ...850L...1L,*,O,,,
57983.733,1.204,Sinistro,LCO1m,w,17.95,0.04,0.0,2017Natur.551...64A,X,,,,
57983.736,1.207,MASTER,SAAO,B,18.1,0.1,0.0,2017ApJ...850L...1L,*,,,,
57983.741,1.212,Sinistro,LCO1m,r,17.75,0.02,-0.03,2017Natur.551...64A,*,,,,
57983.745,1.216,Sinistro,LCO1m,g,18.05,0.12,-0.07,2017Natur.551...64A,*,,,,
57983.758,1.229,-,1.5B,r,17.89,0.03,0.0,2017Natur.551...75S,*,,,,
57983.964,1.435,EFOSC2,NTT,V,18.22,0.08,0.0,2017arXiv171005443D,*,,,,
57983.968,1.439,T80Cam,T80S,g,18.43,0.06,0.0,2017arXiv171005437E,*,,,,
57983.968,1.439,Sinistro,LCO1m,w,18.23,0.04,0.0,2017Natur.551...64A,X,,,,
57983.969,1.44,EFOSC2,NTT,V,18.16,0.05,0.0,2017arXiv171005443D,*,,,,
57983.969,1.44,GROND,LaSilla,H,17.64,0.08,0.0,2017Natur.551...75S,*,,,,
57983.969,1.44,GROND,LaSilla,J,17.58,0.07,0.0,2017Natur.551...75S,*,,,,
57983.969,1.44,GROND,LaSilla,K,17.85,0.15,-0.29,2017Natur.551...75S,*,,,,
57983.969,1.44,GROND,LaSilla,g,18.49,0.04,0.0,2017Natur.551...75S,*,,,,
57983.969,1.44,GROND,LaSilla,i,17.85,0.05,0.0,2017Natur.551...75S,*,,,,
57983.969,1.44,GROND,LaSilla,r,17.99,0.01,0.0,2017Natur.551...75S,*,,,,
57983.969,1.44,GROND,LaSilla,z,17.72,0.03,0.0,2017Natur.551...75S,*,,,,
57983.969,1.44,FORS,VLT,r,17.69,0.02,0.0,2017ApJ...848L..27T,*,,,,
57983.97,1.441,EFOSC2,NTT,V,18.13,0.08,0.0,2017arXiv171005443D,*,,,,
57983.972,1.443,Sinistro,LCO1m,i,17.88,0.1,-0.25,2017Natur.551...64A,*,,,,
57983.974,1.445,T80Cam,T80S,g,18.51,0.04,0.0,2017ApJ...848L..29D,*,,,,
57983.975,1.446,T80Cam,T80S,g,18.48,0.04,0.0,2017ApJ...848L..29D,*,,,,
57983.976,1.447,T80Cam,T80S,g,18.61,0.04,0.0,2017ApJ...848L..29D,*,,,,
57983.976,1.447,Sinistro,LCO1m,r,17.98,0.08,-0.04,2017Natur.551...64A,*,,,,
57983.976,1.447,DECam,Blanco/CTIO,Y,17.32,0.03,0.0,2017ApJ...848L..17C,*,,,,
57983.977,1.448,LDSS,Magellan,z,17.62,0.06,0.0,2017arXiv171005443D,*,,,,
57983.977,1.448,DECam,Blanco/CTIO,z,17.59,0.02,0.0,2017ApJ...848L..17C,*,,,,
57983.977,1.448,T80Cam,T80S,r,17.93,0.02,0.0,2017ApJ...848L..29D,*,,,,
57983.978,1.449,DECam,Blanco/CTIO,i,17.78,0.02,0.0,2017ApJ...848L..17C,*,,,,
57983.978,1.449,T80Cam,T80S,r,17.97,0.02,0.0,2017ApJ...848L..29D,*,,,,
57983.978,1.449,DECam,Blanco/CTIO,r,18.04,0.02,0.0,2017ApJ...848L..17C,*,,,,
57983.978,1.449,LDSS,Magellan,z,17.61,0.06,0.0,2017arXiv171005443D,*,,,,
57983.979,1.45,LDSS,Magellan,z,17.61,0.06,0.0,2017arXiv171005443D,*,,,,
57983.979,1.45,DECam,Blanco/CTIO,g,18.66,0.03,0.0,2017ApJ...848L..17C,*,,,,
57983.979,1.45,T80Cam,T80S,r,17.94,0.02,0.0,2017ApJ...848L..29D,*,,,,
57983.98,1.451,DECam,Blanco/CTIO,u,19.94,0.05,0.0,2017ApJ...848L..17C,*,,,,
57983.98,1.451,LDSS,Magellan,i,17.77,0.03,0.0,2017arXiv171005443D,*,,,,
57983.98,1.451,ROS2,REM,I,17.66,0.06,0.0,2017Natur.551...67P,*,,,,
57983.98,1.451,Sinistro,LCO1m,g,18.61,0.14,-0.13,2017Natur.551...64A,*,,,,
57983.98,1.451,ROS2,REM,r,17.68,0.13,0.0,2017Natur.551...67P,*,,,,
57983.98,1.451,ROS2,REM,z,17.61,0.1,0.0,2017Natur.551...67P,*,,,,
57983.98,1.451,T80Cam,T80S,i,17.74,0.03,0.0,2017ApJ...848L..29D,*,,,,
57983.981,1.452,LDSS,Magellan,r,17.91,0.03,0.0,2017arXiv171005443D,*,,,,
57983.981,1.452,FourStar,Magellan,Ks,17.61,0.04,0.0,2017arXiv171005443D,*,,,,
57983.981,1.452,FourStar,Magellan,J,17.47,0.01,0.0,2017arXiv171005443D,*,,,,
57983.981,1.452,LDSS,Magellan,g,18.61,0.03,0.0,2017arXiv171005443D,*,,,,
57983.982,1.452,T80Cam,T80S,i,17.8,0.03,0.0,2017ApJ...848L..29D,*,,,,
57983.983,1.454,T80Cam,T80S,i,17.81,0.03,0.0,2017ApJ...848L..29D,*,,,,
57983.983,1.454,LDSS,Magellan,B,19.04,0.06,0.0,2017arXiv171005443D,*,,,,
57983.984,1.455,T80Cam,T80S,g,18.58,0.03,0.0,2017ApJ...848L..29D,*,,,,
57983.984,1.455,LDSS,Magellan,B,19.04,0.07,0.0,2017arXiv171005443D,*,,,,
57983.985,1.456,T80Cam,T80S,g,18.55,0.03,0.0,2017ApJ...848L..29D,*,,,,
57983.986,1.457,T80Cam,T80S,g,18.61,0.04,0.0,2017ApJ...848L..29D,*,,,,
57983.987,1.458,T80Cam,T80S,r,17.95,0.02,0.0,2017ApJ...848L..29D,*,,,,
57983.988,1.459,LDSS,Magellan,g,18.66,0.03,0.0,2017arXiv171005443D,*,,,,
57983.988,1.459,T80Cam,T80S,r,17.98,0.02,0.0,2017ApJ...848L..29D,*,,,,
57983.989,1.46,-,KMTNet/CTIO,B,19.09,0.11,0.0,2017Natur.551...71T,*,,,,
57983.989,1.46,-,KMTNet/CTIO,I,17.77,0.09,0.0,2017Natur.551...71T,*,,,,
57983.989,1.46,-,KMTNet/CTIO,R,17.94,0.05,0.0,2017Natur.551...71T,*,,,,
57983.989,1.46,-,KMTNet/CTIO,V,18.28,0.04,0.0,2017Natur.551...71T,*,,,,
57983.989,1.46,VIRCAM,VISTA,Ks,17.77,0.02,0.0,2017ApJ...848L..27T,*,,,,
57983.989,1.46,VIRCAM,VISTA,J,17.45,0.01,0.0,2017ApJ...848L..27T,*,,,,
57983.99,1.461,T80Cam,T80S,r,17.99,0.03,0.0,2017ApJ...848L..29D,*,,,,
57983.99,1.461,FourStar,Magellan,H,17.52,0.01,0.0,2017arXiv171005443D,*,,,,
57983.991,1.462,T80Cam,T80S,i,17.78,0.02,0.0,2017ApJ...848L..29D,*,,,,
57983.991,1.462,AltaU47+,Prompt5,r,18.0,0.06,0.0,2017ApJ...848L..24V,*,,,,
57983.992,1.463,T80Cam,T80S,i,17.79,0.02,0.0,2017ApJ...848L..29D,*,,,,
57983.993,1.464,T80Cam,T80S,i,17.8,0.03,0.0,2017ApJ...848L..29D,*,,,,
57983.994,1.465,T80Cam,T80S,g,18.65,0.03,0.0,2017ApJ...848L..29D,*,,,,
57983.995,1.466,E2V4kx4kccd,Swope,V,18.22,0.04,0.0,2017arXiv171005452C,*,,,,
57983.995,1.466,T80Cam,T80S,g,18.6,0.04,0.0,2017ApJ...848L..29D,*,,,,
57983.996,1.467,T80Cam,T80S,g,18.63,0.04,0.0,2017ApJ...848L..29D,*,,,,
57983.997,1.468,T80Cam,T80S,r,18.02,0.03,0.0,2017ApJ...848L..29D,*,,,,
57983.999,1.47,T80Cam,T80S,r,18.02,0.02,0.0,2017ApJ...848L..29D,*,,,,
57983.999,1.47,VIRCAM,VISTA,Y,17.23,0.01,0.0,2017ApJ...848L..27T,*,,,,
57984.0,1.471,T80Cam,T80S,r,18.04,0.02,0.0,2017ApJ...848L..29D,*,,,,
57984.0,1.471,XS,VLT,r,17.95,0.02,0.0,2017Natur.551...67P,*,,,,
57984.0,1.471,XS,VLT,z,17.65,0.07,0.0,2017Natur.551...67P,*,,,,
57984.0,1.471,FLAMINGOS-2,Gemini-S,H,17.63,0.1,0.0,2017ApJ...848L..17C,*,,,,
57984.001,1.472,T80Cam,T80S,i,17.74,0.02,0.0,2017ApJ...848L..29D,*,,,,
57984.002,1.473,T80Cam,T80S,i,17.86,0.03,0.0,2017ApJ...848L..29D,*,,,,
57984.002,1.473,FourStar,Magellan,J1,17.32,0.01,0.0,2017arXiv171005443D,*,,,,
57984.003,1.474,T80Cam,T80S,i,17.85,0.03,0.0,2017ApJ...848L..29D,*,,,,
57984.004,1.475,T80Cam,T80S,g,18.69,0.04,0.0,2017ApJ...848L..29D,*,,,,
57984.005,1.476,T80Cam,T80S,g,18.67,0.03,0.0,2017ApJ...848L..29D,*,,,,
57984.007,1.478,T80Cam,T80S,g,18.62,0.04,0.0,2017ApJ...848L..29D,*,,,,
57984.008,1.479,T80Cam,T80S,r,18.01,0.02,0.0,2017ApJ...848L..29D,*,,,,
57984.009,1.48,T80Cam,T80S,r,18.01,0.02,0.0,2017ApJ...848L..29D,*,,,,
57984.01,1.481,T80Cam,T80S,r,18.07,0.03,0.0,2017ApJ...848L..29D,*,,,,
57984.01,1.481,T80Cam,Prompt5,r,18.29,0.06,0.0,2017ApJ...848L..24V,*,,,,
57984.01,1.481,EFOSC2,NTT,V,18.14,0.04,0.0,2017arXiv171005443D,*,,,,
57984.011,1.482,T80Cam,T80S,i,17.82,0.03,0.0,2017ApJ...848L..29D,*,,,,
57984.012,1.483,EFOSC2,NTT,V,18.16,0.06,0.0,2017arXiv171005443D,*,,,,
57984.012,1.483,T80Cam,T80S,i,17.77,0.03,0.0,2017ApJ...848L..29D,*,,,,
57984.013,1.484,EFOSC2,NTT,V,18.18,0.04,0.0,2017arXiv171005443D,*,,,,
57984.013,1.484,T80Cam,T80S,i,17.87,0.03,0.0,2017ApJ...848L..29D,*,,,,
57984.014,1.485,T80Cam,T80S,g,18.68,0.04,0.0,2017ApJ...848L..29D,*,,,,
57984.016,1.487,T80Cam,T80S,g,18.67,0.04,0.0,2017ApJ...848L..29D,*,,,,
57984.017,1.488,T80Cam,T80S,g,18.57,0.03,0.0,2017ApJ...848L..29D,*,,,,
57984.018,1.489,T80Cam,T80S,r,18.03,0.02,0.0,2017ApJ...848L..29D,*,,,,
57984.019,1.49,T80Cam,T80S,r,18.05,0.03,0.0,2017ApJ...848L..29D,*,,,,
57984.02,1.491,T80Cam,T80S,r,18.04,0.02,0.0,2017ApJ...848L..29D,*,,,,
57984.021,1.492,T80Cam,T80S,i,17.83,0.03,0.0,2017ApJ...848L..29D,*,,,,
57984.022,1.493,T80Cam,T80S,i,17.9,0.03,0.0,2017ApJ...848L..29D,*,,,,
57984.023,1.494,T80Cam,T80S,i,17.88,0.03,0.0,2017ApJ...848L..29D,*,,,,
57984.034,1.505,E2V4kx4kccd,Swope,B,19.07,0.04,0.0,2017arXiv171005452C,*,,,,
57984.036,1.507,UVOT,Swift,U,20.79,0.5,0.0,2017arXiv171005437E,*,,,,
57984.044,1.515,E2V4kx4kccd,Swope,i,17.8,0.02,0.0,2017arXiv171005452C,*,,,,
57984.046,1.517,EFOSC2,NTT,V,18.25,0.06,0.0,2017arXiv171005443D,*,,,,
57984.047,1.518,EFOSC2,NTT,V,18.18,0.1,0.0,2017arXiv171005443D,*,,,,
57984.047,1.518,E2V4kx4kccd,Swope,r,17.98,0.02,0.0,2017arXiv171005452C,*,,,,
57984.048,1.519,EFOSC2,NTT,U,20.11,0.23,0.0,2017arXiv171005443D,R,,,,
57984.048,1.519,EFOSC2,NTT,U,20.25,0.29,0.0,2017Natur.551...75S,R,,,,
57984.052,1.523,EFOSC2,NTT,U,20.21,0.28,0.0,2017arXiv171005443D,R,,,,
57984.052,1.523,EFOSC2,NTT,U,20.18,0.23,0.0,this,paper,*,A,,
57984.055,1.526,E2V4kx4kccd,Swope,g,18.49,0.12,0.0,2017arXiv171005452C,*,,,,
57984.056,1.527,EFOSC2,NTT,U,20.1,0.28,0.0,2017arXiv171005443D,*,,,,
57984.229,1.7,HSC,Subaru,z,17.74,0.01,0.0,2017arXiv171005848U,*,,,,
57984.231,1.702,GFC,Pan-STARRS,i,17.87,0.06,0.0,2017Natur.551...75S,*,,,,
57984.231,1.702,GFC,Pan-STARRS,y,17.58,0.11,0.0,2017Natur.551...75S,*,,,,
57984.231,1.702,GFC,Pan-STARRS,z,17.78,0.07,0.0,2017Natur.551...75S,*,,,,
57984.309,1.78,Tripol5,B&C,g,18.8,0.07,0.0,2017arXiv171005848U,*,,,,
57984.309,1.78,Tripol5,B&C,i,18.19,0.06,0.0,2017arXiv171005848U,*,,,,
57984.309,1.78,Tripol5,B&C,r,18.26,0.04,0.0,2017arXiv171005848U,*,,,,
57984.357,1.828,Sinistro,LCO1m,w,18.69,0.05,0.0,2017Natur.551...64A,X,,,,
57984.359,1.83,-,KMTNet-SSO,B,20.1,0.12,0.0,2017Natur.551...71T,*,,,,
57984.359,1.83,-,KMTNet-SSO,V,18.79,0.05,0.0,2017Natur.551...71T,*,,,,
57984.361,1.832,Sinistro,LCO1m,i,18.07,0.13,-0.3,2017Natur.551...64A,*,,,,
57984.365,1.836,Sinistro,LCO1m,r,18.34,0.11,-0.06,2017Natur.551...64A,*,,,,
57984.369,1.84,-,KMTNet-SSO,I,17.98,0.09,0.0,2017Natur.551...71T,*,,,,
57984.369,1.84,-,KMTNet-SSO,R,18.34,0.05,0.0,2017Natur.551...71T,*,,,,
57984.369,1.84,Sinistro,LCO1m,g,19.28,0.17,-0.25,2017Natur.551...64A,*,,,,
57984.379,1.85,Skymapper,Skymapper,i,17.96,0.07,0.0,2017arXiv171005846A,*,,,,
57984.392,1.863,Skymapper,Skymapper,i,18.18,0.08,0.0,2017arXiv171005846A,*,,,,
57984.456,1.927,Skymapper,Skymapper,r,18.46,0.17,0.0,2017arXiv171005846A,*,,,,
57984.699,2.17,SIRIUS,IRSF,H,17.52,0.04,0.0,2017arXiv171005848U,*,,,,
57984.699,2.17,SIRIUS,IRSF,J,17.69,0.04,0.0,2017arXiv171005848U,*,,,,
57984.699,2.17,SIRIUS,IRSF,Ks,17.61,0.04,0.0,2017arXiv171005848U,*,,,,
57984.717,2.188,MASTER,SAAO,W,18.4,0.2,0.0,2017ApJ...850L...1L,*,,,,
57984.719,2.19,-,KMTNet-SAAO,B,20.45,0.09,0.0,2017Natur.551...71T,*,,,,
57984.719,2.19,-,KMTNet-SAAO,I,18.26,0.12,0.0,2017Natur.551...71T,*,,,,
57984.719,2.19,-,KMTNet-SAAO,R,18.59,0.05,0.0,2017Natur.551...71T,*,,,,
57984.719,2.19,-,KMTNet-SAAO,V,19.25,0.05,0.0,2017Natur.551...71T,*,,,,
57984.738,2.209,Sinistro,LCO1m,r,18.93,0.1,-0.1,2017Natur.551...64A,*,,,,
57984.741,2.212,Sinistro,LCO1m,r,18.9,0.11,-0.1,2017Natur.551...64A,*,,,,
57984.745,2.216,Sinistro,LCO1m,i,18.33,0.12,-0.41,2017Natur.551...64A,*,,,,
57984.748,2.219,Sinistro,LCO1m,i,18.26,0.15,-0.38,2017Natur.551...64A,*,,,,
57984.749,2.22,MASTER,SAAO,R,18.0,0.3,0.0,2017ApJ...850L...1L,*,O,,,
57984.751,2.222,Sinistro,LCO1m,V,19.06,0.07,0.0,2017Natur.551...64A,*,,,,
57984.751,2.222,Sinistro,LCO1m,z,18.25,0.3,-0.58,2017Natur.551...64A,*,,,,
57984.758,2.229,Sinistro,LCO1m,g,19.93,0.21,-0.51,2017Natur.551...64A,*,,,,
57984.758,2.229,Sinistro,LCO1m,w,19.11,0.06,0.0,2017Natur.551...64A,X,,,,
57984.761,2.232,Sinistro,LCO1m,g,19.8,0.2,-1.44,2017Natur.551...64A,*,,,,
57984.761,2.232,Sinistro,LCO1m,w,19.11,0.06,0.0,2017Natur.551...64A,X,,,,
57984.761,2.232,GFC,Pan-STARRS,r,18.8,0.07,0.0,2017Natur.551...75S,*,,,,
57984.96,2.431,ROS2,REM,I,18.35,0.1,0.0,2017Natur.551...67P,*,,,,
57984.96,2.431,ROS2,REM,g,20.31,0.28,0.0,2017Natur.551...67P,*,,,,
57984.96,2.431,ROS2,REM,r,19.18,0.1,0.0,2017Natur.551...67P,*,,,,
57984.962,2.433,FourStar,Magellan,Ks,17.55,0.06,0.0,2017arXiv171005443D,*,,,,
57984.963,2.433,FourStar,Magellan,J,17.55,0.01,0.0,2017arXiv171005443D,*,,,,
57984.968,2.439,FLAMINGOS-2,Gemini-S,H,17.71,0.09,0.0,2017ApJ...848L..17C,*,,,,
57984.968,2.439,Sinistro,LCO1m,r,19.1,0.11,-0.11,2017Natur.551...64A,*,,,,
57984.969,2.44,GROND,LaSilla,H,17.64,0.08,0.0,2017Natur.551...75S,*,,,,
57984.969,2.44,GROND,LaSilla,J,17.73,0.09,0.0,2017Natur.551...75S,*,,,,
57984.969,2.44,GROND,LaSilla,K,17.66,0.1,-0.24,2017Natur.551...75S,*,,,,
57984.969,2.44,GROND,LaSilla,g,20.19,0.11,0.0,2017Natur.551...75S,*,,,,
57984.969,2.44,GROND,LaSilla,i,18.58,0.04,0.0,2017Natur.551...75S,*,,,,
57984.969,2.44,GROND,LaSilla,r,19.13,0.17,0.0,2017Natur.551...75S,*,,,,
57984.969,2.44,GROND,LaSilla,z,18.33,0.06,0.0,2017Natur.551...75S,*,,,,
57984.969,2.44,FORS,VLT,r,18.77,0.04,0.0,2017ApJ...848L..27T,*,,,,
57984.971,2.442,FourStar,Magellan,H,17.57,0.01,0.0,2017arXiv171005443D,*,,,,
57984.971,2.442,EFOSC2,NTT,V,19.4,0.11,0.0,2017arXiv171005443D,*,,,,
57984.975,2.446,DECam,Blanco/CTIO,Y,17.77,0.03,0.0,2017ApJ...848L..17C,*,,,,
57984.975,2.446,Sinistro,LCO1m,i,18.61,0.15,-0.56,2017Natur.551...64A,*,,,,
57984.976,2.447,DECam,Blanco/CTIO,z,18.18,0.03,0.0,2017ApJ...848L..17C,*,,,,
57984.976,2.447,AltaU47+,Prompt5,r,19.34,0.08,0.0,2017ApJ...848L..24V,*,,,,
57984.976,2.447,DECam,Blanco/CTIO,i,18.38,0.03,0.0,2017ApJ...848L..17C,*,,,,
57984.977,2.448,DECam,Blanco/CTIO,r,19.03,0.03,0.0,2017ApJ...848L..17C,*,,,,
57984.978,2.449,DECam,Blanco/CTIO,g,20.21,0.05,0.0,2017ApJ...848L..17C,*,,,,
57984.978,2.449,Sinistro,LCO1m,i,18.46,0.1,-0.47,2017Natur.551...64A,*,,,,
57984.978,2.449,AltaU47+,Prompt5,r,19.29,0.12,0.0,2017ApJ...848L..24V,*,,,,
57984.979,2.45,-,KMTNet/CTIO,B,20.82,0.1,0.0,2017Natur.551...71T,*,,,,
57984.979,2.45,-,KMTNet/CTIO,R,18.81,0.05,0.0,2017Natur.551...71T,*,,,,
57984.979,2.45,-,KMTNet/CTIO,V,19.51,0.05,0.0,2017Natur.551...71T,*,,,,
57984.979,2.45,VIRCAM,VISTA,Ks,17.67,0.03,0.0,2017ApJ...848L..27T,*,,,,
57984.98,2.451,-,RC-1000,r,19.12,0.06,0.0,2017arXiv171005448P,*,,,,
57984.98,2.451,DECam,Blanco/CTIO,u,22.26,0.16,0.0,2017ApJ...848L..17C,*,,,,
57984.98,2.451,FourStar,Magellan,J1,17.52,0.01,0.0,2017arXiv171005443D,*,,,,
57984.98,2.451,MASTER,OAFA,W,18.8,0.2,0.0,2017ApJ...850L...1L,*,,,,
57984.982,2.453,Sinistro,LCO1m,z,18.19,0.2,-0.54,2017Natur.551...64A,*,,,,
57984.985,2.456,T80Cam,T80S,r,18.78,0.03,0.0,2017ApJ...848L..29D,*,,,,
57984.985,2.456,T80Cam,T80S,r,19.15,0.06,0.0,2017ApJ...848L..29D,*,,,,
57984.988,2.459,DK1.5,VLT,i,18.37,0.03,0.0,2017ApJ...848L..27T,*,,,,
57984.988,2.459,Sinistro,LCO1m,w,19.56,0.07,0.0,2017Natur.551...64A,X,,,,
57984.989,2.46,-,KMTNet/CTIO,I,18.4,0.13,0.0,2017Natur.551...71T,*,,,,
57984.989,2.46,VIRCAM,VISTA,J,17.66,0.02,0.0,2017ApJ...848L..27T,*,,,,
57984.99,2.461,DK1.5,DK1.5,z,18.01,0.13,0.0,2017ApJ...848L..27T,*,,,,
57984.992,2.463,Sinistro,LCO1m,w,19.48,0.07,0.0,2017Natur.551...64A,X,,,,
57984.999,2.47,VIRCAM,VISTA,Y,17.51,0.02,0.0,2017ApJ...848L..27T,*,,,,
57985.0,2.471,IMACS,Magellan,V,19.51,0.08,0.0,2017arXiv171005443D,*,,,,
57985.0,2.471,IMACS,Magellan,i,18.36,0.02,0.0,2017arXiv171005443D,*,,,,
57985.002,2.473,Sinistro,LCO1m,i,18.46,0.1,-0.46,2017Natur.551...64A,*,,,,
57985.006,2.477,Sinistro,LCO1m,i,18.45,0.11,-0.46,2017Natur.551...64A,*,,,,
57985.008,2.479,1k2kCCD,VIRT,C,18.9,0.28,0.0,2017arXiv171005846A,X,,,,
57985.009,2.48,IMACS,Magellan,r,18.93,0.02,0.0,2017arXiv171005443D,*,,,,
57985.01,2.481,Sinistro,LCO1m,V,19.33,0.18,0.0,2017Natur.551...64A,*,,,,
57985.016,2.487,Sinistro,LCO1m,w,19.46,0.06,0.0,2017Natur.551...64A,X,,,,
57985.016,2.487,EFOSC2,NTT,V,19.53,0.12,0.0,2017arXiv171005443D,*,,,,
57985.017,2.488,Sinistro,LCO1m,g,20.15,0.33,-0.66,2017Natur.551...64A,*,,,,
57985.019,2.49,FLAMINGOS-2,Gemini-S,J,17.76,0.02,0.0,2017arXiv171005436K,*,,,,
57985.019,2.49,FLAMINGOS-2,Gemini-S,Ks,17.6,0.04,0.0,2017arXiv171005436K,*,,,,
57985.019,2.49,Sinistro,LCO1m,w,19.36,0.05,0.0,2017Natur.551...64A,X,,,,
57985.054,2.525,EFOSC2,NTT,V,19.59,0.2,0.0,2017arXiv171005443D,*,,,,
57985.184,2.655,UVOT,Swift,B,19.93,0.1,0.0,2017arXiv171005437E,*,O,,,
57985.231,2.702,GFC,Pan-STARRS,i,18.44,0.09,0.0,2017Natur.551...75S,*,,,,
57985.231,2.702,GFC,Pan-STARRS,y,18.08,0.11,0.0,2017Natur.551...75S,*,,,,
57985.231,2.702,GFC,Pan-STARRS,z,18.31,0.07,0.0,2017Natur.551...75S,*,,,,
57985.357,2.828,Sinistro,LCO1m,r,19.36,0.09,-0.15,2017Natur.551...64A,*,,,,
57985.359,2.83,-,KMTNet-SSO,I,18.62,0.1,0.0,2017Natur.551...71T,*,,,,
57985.359,2.83,-,KMTNet-SSO,R,19.1,0.05,0.0,2017Natur.551...71T,*,,,,
57985.364,2.835,Sinistro,LCO1m,i,18.53,0.13,-0.5,2017Natur.551...64A,*,,,,
57985.367,2.838,Sinistro,LCO1m,i,18.62,0.14,-0.57,2017Natur.551...64A,*,,,,
57985.377,2.848,Sinistro,LCO1m,w,19.68,0.05,0.0,2017Natur.551...64A,X,,,,
57985.381,2.852,Sinistro,LCO1m,w,19.61,0.05,0.0,2017Natur.551...64A,X,,,,
57985.384,2.855,Skymapper,Skymapper,r,19.34,0.08,0.0,2017arXiv171005846A,*,,,,
57984.385,2.856,Skymapper,Skymapper,g,20.43,0.11,0.0,2017arXiv171005846A,*,,,,
57985.385,2.856,Sinistro,LCO1m,V,19.77,0.2,0.0,2017Natur.551...64A,*,,,,
57985.391,2.862,Sinistro,LCO1m,i,18.7,0.18,-0.63,2017Natur.551...64A,*,,,,
57985.395,2.866,Sinistro,LCO1m,i,18.63,0.15,-0.57,2017Natur.551...64A,*,,,,
57985.397,2.868,Skymapper,Skymapper,r,19.37,0.09,0.0,2017arXiv171005846A,*,,,,
57985.398,2.869,Skymapper,Skymapper,g,20.21,0.12,0.0,2017arXiv171005846A,*,,,,
57985.405,2.876,Sinistro,LCO1m,w,19.53,0.07,0.0,2017Natur.551...64A,X,,,,
57985.408,2.879,Sinistro,LCO1m,w,19.56,0.08,0.0,2017Natur.551...64A,X,,,,
57985.479,2.95,zadko,zadko,r,19.18,0.12,0.0,2017arXiv171005846A,*,,,,
57985.699,3.17,SIRIUS,IRSF,H,17.57,0.04,0.0,2017arXiv171005848U,*,,,,
57985.699,3.17,SIRIUS,IRSF,J,17.78,0.05,0.0,2017arXiv171005848U,*,,,,
57985.699,3.17,SIRIUS,IRSF,Ks,17.55,0.05,0.0,2017arXiv171005848U,*,,,,
57985.719,3.19,-,KMTNet-SAAO,I,18.73,0.11,0.0,2017Natur.551...71T,*,,,,
57985.719,3.19,-,KMTNet-SAAO,R,19.3,0.05,0.0,2017Natur.551...71T,*,,,,
57985.726,3.197,Sinistro,LCO1m,r,19.75,0.12,-0.22,2017Natur.551...64A,*,,,,
57985.733,3.204,Sinistro,LCO1m,i,18.84,0.2,-0.57,2017Natur.551...64A,*,,,,
57985.736,3.207,Sinistro,LCO1m,i,18.76,0.15,-0.68,2017Natur.551...64A,*,,,,
57985.74,3.211,Sinistro,LCO1m,z,18.42,0.34,-0.72,2017Natur.551...64A,*,,,,
57985.743,3.214,Sinistro,LCO1m,V,19.89,0.19,0.0,2017Natur.551...64A,*,,,,
57985.746,3.217,Sinistro,LCO1m,w,20.13,0.13,0.0,2017Natur.551...64A,X,,,,
57985.75,3.221,Sinistro,LCO1m,w,19.99,0.06,0.0,2017Natur.551...64A,X,,,,
57985.776,3.247,-,1.5B,r,19.52,0.13,0.0,2017Natur.551...75S,*,,,,
57985.969,3.44,EFOSC2,NTT,V,20.54,0.2,0.0,2017arXiv171005443D,*,,,,
57985.973,3.444,FourStar,Magellan,J,17.85,0.01,0.0,2017arXiv171005443D,*,,,,
57985.973,3.444,-,RC-1000,r,20.04,0.08,0.0,2017arXiv171005448P,*,,,,
57985.974,3.445,GROND,LaSilla,H,17.72,0.07,0.0,2017Natur.551...75S,*,,,,
57985.974,3.445,GROND,LaSilla,J,17.95,0.07,0.0,2017Natur.551...75S,*,,,,
57985.974,3.445,GROND,LaSilla,K,17.63,0.1,0.0,2017Natur.551...75S,*,,,,
57985.974,3.445,GROND,LaSilla,g,21.13,0.16,0.0,2017Natur.551...75S,*,,,,
57985.974,3.445,GROND,LaSilla,i,19.03,0.01,0.0,2017Natur.551...75S,*,,,,
57985.974,3.445,GROND,LaSilla,r,19.81,0.02,0.0,2017Natur.551...75S,*,,,,
57985.974,3.445,GROND,LaSilla,z,18.74,0.02,0.0,2017Natur.551...75S,*,,,,
57985.979,3.45,-,KMTNet/CTIO,I,18.87,0.11,0.0,2017Natur.551...71T,*,,,,
57985.979,3.45,-,KMTNet/CTIO,R,19.54,0.06,0.0,2017Natur.551...71T,*,,,,
57985.979,3.45,VIRCAM,VISTA,Ks,17.54,0.02,0.0,2017ApJ...848L..27T,*,,,,
57985.979,3.45,FORS,VLT,r,19.28,0.01,0.0,2017ApJ...848L..27T,*,,,,
57985.983,3.454,DECam,Blanco/CTIO,Y,18.05,0.03,0.0,2017ApJ...848L..17C,*,,,,
57985.984,3.455,DECam,Blanco/CTIO,z,18.56,0.03,0.0,2017ApJ...848L..17C,*,,,,
57985.984,3.455,DECam,Blanco/CTIO,u,23.06,0.32,0.0,2017ApJ...848L..17C,*,,,,
57985.984,3.455,DECam,Blanco/CTIO,i,18.73,0.03,0.0,2017ApJ...848L..17C,*,,,,
57985.985,3.456,DECam,Blanco/CTIO,r,19.29,0.04,0.0,2017ApJ...848L..17C,*,,,,
57985.986,3.457,DECam,Blanco/CTIO,g,20.93,0.08,0.0,2017ApJ...848L..17C,*,,,,
57985.989,3.46,VIRCAM,VISTA,Y,17.76,0.01,0.0,2017ApJ...848L..27T,*,,,,
57985.989,3.46,VIRCAM,VISTA,J,17.86,0.02,0.0,2017ApJ...848L..27T,*,,,,
57985.989,3.46,E2V4kx4kccd,Swope,V,20.52,0.12,0.0,2017arXiv171005452C,*,,,,
57985.995,3.466,E2V4kx4kccd,Swope,B,21.72,0.13,0.0,2017arXiv171005452C,*,,,,
57986.0,3.471,LDSS,Magellan,z,18.38,0.05,0.0,2017arXiv171005443D,*,,,,
57986.001,3.472,E2V4kx4kccd,Swope,g,20.77,0.05,0.0,2017arXiv171005452C,*,,,,
57986.003,3.474,AltaU47+,Prompt5,r,20.18,0.1,0.0,2017ApJ...848L..24V,*,,,,
57986.005,3.476,E2V4kx4kccd,Swope,i,18.92,0.05,0.0,2017arXiv171005452C,*,,,,
57986.008,3.479,E2V4kx4kccd,Swope,r,19.82,0.09,0.0,2017arXiv171005452C,*,,,,
57986.016,3.487,EFOSC2,NTT,V,20.55,0.15,0.0,2017arXiv171005443D,*,,,,
57986.02,3.491,XS,VLT,g,20.94,0.06,0.0,2017Natur.551...67P,*,,,,
57986.02,3.491,XS,VLT,r,19.74,0.02,0.0,2017Natur.551...67P,*,,,,
57986.02,3.491,XS,VLT,z,18.3,0.02,0.0,2017Natur.551...67P,*,,,,
57986.029,3.5,FLAMINGOS-2,Gemini-S,H,17.72,0.04,0.0,2017arXiv171005436K,R,,,,
57986.029,3.5,FLAMINGOS-2,Gemini-S,H,17.69,0.02,0.0,2017Natur.551...71T,R,,,,
57986.029,3.5,FLAMINGOS-2,Gemini-S,H,17.7,0.02,0.0,this,paper,*,A,,
57986.029,3.5,FLAMINGOS-2,Gemini-S,J,17.93,0.06,0.0,2017arXiv171005436K,R,,,,
57986.029,3.5,FLAMINGOS-2,Gemini-S,J,17.94,0.02,0.0,2017Natur.551...71T,R,,,,
57986.029,3.5,FLAMINGOS-2,Gemini-S,J,17.94,0.02,0.0,this,paper,*,A,,
57986.029,3.5,FLAMINGOS-2,Gemini-S,Ks,17.61,0.06,0.0,2017arXiv171005436K,R,,,,
57986.029,3.5,FLAMINGOS-2,Gemini-S,Ks,17.62,0.02,0.0,2017Natur.551...71T,R,,,,
57986.029,3.5,FLAMINGOS-2,Gemini-S,Ks,17.61,0.02,0.0,this,paper,*,A,,
57986.039,3.51,GMOS,Gemini-S,g,20.9,0.01,0.0,2017Natur.551...71T,*,,,,
57986.039,3.51,GMOS,Gemini-S,i,18.93,0.01,0.0,2017Natur.551...71T,*,,,,
57986.039,3.51,GMOS,Gemini-S,r,19.66,0.01,0.0,2017Natur.551...71T,*,,,,
57986.049,3.52,GMOS,Gemini-S,z,18.46,0.01,0.0,2017Natur.551...71T,*,,,,
57986.053,3.524,EFOSC2,NTT,V,20.68,0.31,0.0,2017arXiv171005443D,*,,,,
57986.236,3.707,GFC,Pan-STARRS,z,18.1,0.3,0.0,2017Natur.551...75S,*,O,,,
57986.359,3.83,-,KMTNet-SSO,I,19.0,0.1,0.0,2017Natur.551...71T,*,,,,
57986.359,3.83,-,KMTNet-SSO,R,19.64,0.09,0.0,2017Natur.551...71T,*,,,,
57986.494,3.965,zadko,zadko,r,19.86,0.21,0.0,2017arXiv171005846A,*,,,,
57986.709,4.18,SIRIUS,IRSF,H,17.77,0.04,0.0,2017arXiv171005848U,*,,,,
57986.709,4.18,SIRIUS,IRSF,J,18.13,0.12,0.0,2017arXiv171005848U,*,,,,
57986.709,4.18,SIRIUS,IRSF,Ks,17.57,0.07,0.0,2017arXiv171005848U,*,,,,
57986.715,4.186,Sinistro,LCO1m,r,20.3,0.31,-0.39,2017Natur.551...64A,*,,,,
57986.719,4.19,-,KMTNet-SAAO,I,19.23,0.1,0.0,2017Natur.551...71T,*,,,,
57986.719,4.19,-,KMTNet-SAAO,R,19.94,0.06,0.0,2017Natur.551...71T,*,,,,
57986.969,4.44,-,KMTNet/CTIO,I,19.22,0.1,0.0,2017Natur.551...71T,*,,,,
57986.969,4.44,-,KMTNet/CTIO,R,20.12,0.08,0.0,2017Natur.551...71T,*,,,,
57986.969,4.44,Sinistro,LCO1m,r,20.25,0.28,-0.37,2017Natur.551...64A,*,,,,
57986.97,4.441,FORS2,VLT,R,20.24,0.06,0.0,2017Natur.551...67P,*,,,,
57986.973,4.444,FLAMINGOS-2,Gemini-S,H,17.92,0.1,0.0,2017ApJ...848L..17C,*,,,,
57986.974,4.445,GROND,LaSilla,H,18.02,0.1,0.0,2017Natur.551...75S,*,,,,
57986.974,4.445,GROND,LaSilla,J,18.17,0.07,0.0,2017Natur.551...75S,*,,,,
57986.974,4.445,GROND,LaSilla,K,17.53,0.11,-0.21,2017Natur.551...75S,*,,,,
57986.974,4.445,GROND,LaSilla,g,21.58,0.22,0.0,2017Natur.551...75S,*,,,,
57986.974,4.445,GROND,LaSilla,i,19.51,0.04,0.0,2017Natur.551...75S,*,,,,
57986.974,4.445,GROND,LaSilla,r,20.53,0.05,0.0,2017Natur.551...75S,*,,,,
57986.974,4.445,GROND,LaSilla,z,19.07,0.06,0.0,2017Natur.551...75S,*,,,,
57986.975,4.446,DECam,Blanco/CTIO,Y,18.35,0.03,0.0,2017ApJ...848L..17C,*,,,,
57986.978,4.449,DECam,Blanco/CTIO,z,18.81,0.03,0.0,2017ApJ...848L..17C,*,,,,
57986.979,4.45,VIRCAM,VISTA,Ks,17.6,0.02,0.0,2017ApJ...848L..27T,*,,,,
57986.98,4.451,VIMOS,VLT,z,18.73,0.01,0.0,2017ApJ...848L..27T,*,,,,
57986.98,4.451,DECam,Blanco/CTIO,i,19.22,0.03,0.0,2017ApJ...848L..17C,*,,,,
57986.981,4.452,-,RC-1000,R,20.14,0.12,0.0,2017arXiv171005448P,*,,,,
57986.984,4.455,DECam,Blanco/CTIO,r,20.25,0.05,0.0,2017ApJ...848L..17C,*,,,,
57986.988,4.459,E2V4kx4kccd,Swope,i,19.39,0.04,0.0,2017arXiv171005452C,*,,,,
57986.989,4.46,VIRCAM,VISTA,Y,18.07,0.02,0.0,2017ApJ...848L..27T,*,,,,
57986.989,4.46,VIRCAM,VISTA,J,18.08,0.03,0.0,2017ApJ...848L..27T,*,,,,
57986.989,4.46,VIMOS,VLT,r,19.86,0.01,0.0,2017ApJ...848L..27T,*,O,,,
57986.991,4.462,DECam,Blanco/CTIO,g,21.73,0.11,0.0,2017ApJ...848L..17C,*,,,,
57986.992,4.463,Sinistro,LCO1m,w,20.64,0.09,0.0,2017Natur.551...64A,X,,,,
57986.997,4.467,E2V4kx4kccd,Swope,r,20.58,0.12,0.0,2017arXiv171005452C,*,,,,
57987.0,4.471,LDSS,Magellan,V,21.85,0.22,0.0,2017arXiv171005443D,*,O,,,
57987.0,4.471,FORS2,VLT,z,18.93,0.03,0.0,2017Natur.551...67P,*,,,,
57987.004,4.475,AltaU47+,Prompt5,r,20.92,0.12,0.0,2017ApJ...848L..24V,*,O,,,
57987.004,4.475,E2V4kx4kccd,Swope,g,21.75,0.1,0.0,2017arXiv171005452C,*,,,,
57987.01,4.481,FORS2,VLT,I,19.28,0.06,0.0,2017Natur.551...67P,*,,,,
57987.019,4.49,LDSS,Magellan,g,21.78,0.06,0.0,2017arXiv171005443D,*,,,,
57987.02,4.491,FORS2,VLT,B,22.73,0.13,0.0,2017Natur.551...67P,*,,,,
57987.02,4.491,FORS2,VLT,V,21.08,0.05,0.0,2017Natur.551...67P,*,,,,
57987.022,4.493,LDSS,Magellan,B,22.52,0.14,0.0,2017arXiv171005443D,*,,,,
57987.039,4.51,FLAMINGOS-2,Gemini-S,Ks,17.72,0.09,0.0,2017arXiv171005436K,*,,,,
57987.049,4.52,FLAMINGOS-2,Gemini-S,H,18.02,0.07,0.0,2017arXiv171005436K,*,,,,
57987.049,4.52,FLAMINGOS-2,Gemini-S,J,18.15,0.06,0.0,2017arXiv171005436K,*,,,,
57987.319,4.79,WFC3/IR,HST,F110W,18.26,0.01,0.0,2017ApJ...848L..27T,R,,,,
57987.319,4.79,WFC3/IR,HST,F110W,18.43,0.03,0.0,2017Natur.551...71T,*,R,,,
57987.358,4.829,Sinistro,LCO1m,r,20.69,0.33,-0.62,2017Natur.551...64A,*,,,,
57987.359,4.83,-,KMTNet-SSO,I,19.52,0.13,0.0,2017Natur.551...71T,*,,,,
57987.359,4.83,-,KMTNet-SSO,R,20.33,0.05,0.0,2017Natur.551...71T,*,,,,
57987.452,4.923,WFC3/IR,HST,F160W,18.06,0.03,0.0,2017ApJ...848L..27T,R,,,,
57987.452,4.923,WFC3/IR,HST,F160W,18.12,0.03,0.0,2017Natur.551...71T,R,,,,
57987.452,4.923,WFC3/IR,HST,F160W,18.09,0.03,0.0,this,paper,*,A,,
57987.49,4.961,zadko,zadko,r,20.23,0.23,0.0,2017arXiv171005846A,*,O,,,
57987.709,5.18,SIRIUS,IRSF,H,17.94,0.05,0.0,2017arXiv171005848U,*,,,,
57987.709,5.18,SIRIUS,IRSF,J,18.31,0.06,0.0,2017arXiv171005848U,*,,,,
57987.709,5.18,SIRIUS,IRSF,Ks,17.68,0.04,0.0,2017arXiv171005848U,*,,,,
57987.719,5.19,-,KMTNet-SAAO,I,19.68,0.1,0.0,2017Natur.551...71T,*,,,,
57987.719,5.19,-,KMTNet-SAAO,R,20.64,0.07,0.0,2017Natur.551...71T,*,,,,
57987.849,5.32,WFC3/UVIS,HST,F336W,24.97,0.11,0.0,2017arXiv171005436K,*,,,,
57987.849,5.32,WFC3/UVIS,HST,F336W,25.05,0.11,0.0,2017arXiv171005436K,*,,,,
57987.879,5.35,WFC3/UVIS,HST,F336W,25.18,0.11,0.0,2017arXiv171005436K,*,,,,
57987.969,5.44,FORS,VLT,r,20.39,0.03,0.0,2017ApJ...848L..27T,*,,,,
57987.971,5.442,LDSS,Magellan,z,19.08,0.12,0.0,2017arXiv171005443D,*,,,,
57987.975,5.446,DECam,Blanco/CTIO,Y,18.83,0.18,0.0,2017ApJ...848L..17C,*,,,,
57987.977,5.448,DECam,Blanco/CTIO,z,19.17,0.11,0.0,2017ApJ...848L..17C,*,,,,
57987.979,5.45,DECam,Blanco/CTIO,i,19.55,0.18,0.0,2017ApJ...848L..17C,*,,,,
57987.983,5.454,DECam,Blanco/CTIO,r,20.79,0.24,0.0,2017ApJ...848L..17C,*,,,,
57987.99,5.461,OmegaCam,VST,g,22.51,0.12,0.0,2017Natur.551...67P,*,,,,
57987.99,5.461,DECam,Blanco/CTIO,g,22.03,0.42,0.0,2017ApJ...848L..17C,*,,,,
57988.002,5.473,E2V4kx4kccd,Swope,i,20.27,0.12,0.0,2017arXiv171005452C,*,O,,,
57988.02,5.491,XS,VLT,r,20.74,0.03,0.0,2017Natur.551...67P,*,,,,
57988.02,5.491,XS,VLT,z,19.16,0.03,0.0,2017Natur.551...67P,*,,,,
57988.234,5.705,GFC,Pan-STARRS,y,18.95,0.44,0.0,2017Natur.551...75S,*,,,,
57988.359,5.83,-,KMTNet-SSO,R,20.95,0.07,0.0,2017Natur.551...71T,*,,,,
57988.369,5.84,-,KMTNet-SSO,I,19.99,0.14,0.0,2017Natur.551...71T,*,,,,
57988.729,6.2,-,KMTNet-SAAO,I,20.31,0.11,0.0,2017Natur.551...71T,*,,,,
57988.729,6.2,SIRIUS,IRSF,H,18.12,0.04,0.0,2017arXiv171005848U,*,,,,
57988.729,6.2,SIRIUS,IRSF,H,18.6,0.18,0.0,2017arXiv171005436K,*,,,,
57988.729,6.2,SIRIUS,IRSF,J,18.36,0.05,0.0,2017arXiv171005848U,*,,,,
57988.729,6.2,SIRIUS,IRSF,J,18.65,0.19,0.0,2017arXiv171005436K,*,,,,
57988.729,6.2,SIRIUS,IRSF,Ks,17.69,0.03,0.0,2017arXiv171005848U,*,,,,
57988.729,6.2,SIRIUS,IRSF,Ks,18.01,0.1,0.0,2017arXiv171005436K,*,,,,
57988.97,6.441,OmegaCam,VST,i,20.33,0.09,0.0,2017Natur.551...67P,*,,,,
57988.974,6.445,DECam,Blanco/CTIO,Y,19.06,0.31,0.0,2017ApJ...848L..17C,*,,,,
57988.98,6.451,FORS2,VLT,I,20.14,0.07,0.0,2017Natur.551...67P,*,,,,
57988.98,6.451,OmegaCam,VST,r,21.31,0.07,0.0,2017Natur.551...67P,*,,,,
57988.98,6.451,FORS2,VLT,z,19.63,0.04,0.0,2017Natur.551...67P,*,,,,
57988.985,6.456,DECam,Blanco/CTIO,r,20.95,0.35,0.0,2017ApJ...848L..17C,*,,,,
57988.989,6.46,VIRCAM,VISTA,Ks,17.84,0.03,0.0,2017ApJ...848L..27T,*,,,,
57988.996,6.467,DECam,Blanco/CTIO,g,22.08,0.52,0.0,2017ApJ...848L..17C,*,,,,
57988.999,6.47,VIRCAM,VISTA,Y,18.71,0.04,0.0,2017ApJ...848L..27T,*,,,,
57988.999,6.47,VIRCAM,VISTA,J,18.74,0.04,0.0,2017ApJ...848L..27T,*,,,,
57989.0,6.471,FORS2,VLT,R,21.27,0.11,0.0,2017Natur.551...67P,*,,,,
57989.02,6.491,FORS2,VLT,B,23.81,0.25,0.0,2017Natur.551...67P,*,,,,
57989.02,6.491,FORS2,VLT,V,22.36,0.16,0.0,2017Natur.551...67P,*,,,,
57989.23,6.701,GFC,Pan-STARRS,y,19.31,0.43,0.0,2017Natur.551...75S,*,,,,
57989.234,6.705,LRIS,Keck-I,I,20.83,0.09,0.0,2017arXiv171005443D,*,,,,
57989.369,6.84,-,KMTNet-SSO,I,20.39,0.12,0.0,2017Natur.551...71T,*,,,,
57989.699,7.17,SIRIUS,IRSF,H,18.51,0.05,0.0,2017arXiv171005848U,*,,,,
57989.699,7.17,SIRIUS,IRSF,H,18.53,0.17,0.0,2017arXiv171005436K,*,,,,
57989.699,7.17,SIRIUS,IRSF,J,18.95,0.32,0.0,2017arXiv171005436K,*,,,,
57989.699,7.17,SIRIUS,IRSF,J,18.98,0.08,0.0,2017arXiv171005848U,*,,,,
57989.699,7.17,SIRIUS,IRSF,Ks,17.95,0.04,0.0,2017arXiv171005848U,*,,,,
57989.699,7.17,SIRIUS,IRSF,Ks,18.02,0.12,0.0,2017arXiv171005436K,*,,,,
57989.729,7.2,-,KMTNet-SAAO,I,20.89,0.13,0.0,2017Natur.551...71T,*,,,,
57989.769,7.24,WFC3/IR,HST,F110W,19.06,0.01,0.0,2017ApJ...848L..27T,R,,,,
57989.769,7.24,WFC3/IR,HST,F110W,19.37,0.04,0.0,2017Natur.551...71T,*,R,,,
57989.966,7.437,FLAMINGOS-2,Gemini-S,H,18.79,0.14,0.0,2017ApJ...848L..17C,*,,,,
57989.969,7.44,ANDICAM,1.3m/CTIO,K,18.06,0.17,0.0,2017arXiv171005436K,*,,,,
57989.97,7.441,LDSS,Magellan,z,19.87,0.07,0.0,2017arXiv171005443D,*,,,,
57989.973,7.444,DECam,Blanco/CTIO,Y,19.44,0.05,0.0,2017ApJ...848L..17C,*,,,,
57989.979,7.45,VIRCAM,VISTA,Ks,17.95,0.04,0.0,2017ApJ...848L..27T,*,,,,
57989.979,7.45,DECam,Blanco/CTIO,z,19.89,0.05,0.0,2017ApJ...848L..17C,*,,,,
57989.982,7.453,DECam,Blanco/CTIO,i,20.54,0.05,0.0,2017ApJ...848L..17C,*,,,,
57989.983,7.454,GROND,LaSilla,H,18.74,0.06,0.0,2017Natur.551...75S,*,,,,
57989.983,7.454,GROND,LaSilla,J,19.26,0.28,0.0,2017Natur.551...75S,*,,,,
57989.983,7.454,GROND,LaSilla,K,18.04,0.12,-0.36,2017Natur.551...75S,*,,,,
57989.987,7.458,DECam,Blanco/CTIO,r,21.23,0.11,0.0,2017ApJ...848L..17C,*,,,,
57989.989,7.46,VIRCAM,VISTA,J,19.07,0.08,0.0,2017ApJ...848L..27T,*,,,,
57989.99,7.461,E2V4kx4kccd,Swope,i,21.42,0.18,0.0,2017arXiv171005452C,*,O,,,
57989.997,7.468,DECam,Blanco/CTIO,g,23.28,0.34,0.0,2017ApJ...848L..17C,*,,,,
57989.999,7.47,VIRCAM,VISTA,Y,19.24,0.07,0.0,2017ApJ...848L..27T,*,,,,
57990.03,7.501,LDSS,Magellan,B,23.85,0.31,0.0,2017arXiv171005443D,*,,,,
57990.039,7.51,GMOS,Gemini-S,i,20.91,0.03,0.0,2017Natur.551...71T,*,,,,
57990.039,7.51,GMOS,Gemini-S,r,21.74,0.04,0.0,2017Natur.551...71T,*,,,,
57990.229,7.7,HSC,Subaru,z,20.21,0.04,0.0,2017arXiv171005848U,*,,,,
57990.585,8.056,WFC3/UVIS,HST,F606W,22.49,0.17,0.0,2017Natur.551...71T,*,,,,
57990.645,8.116,WFC3/UVIS,HST,F475W,23.14,0.02,0.0,2017ApJ...848L..27T,R,,,,
57990.645,8.116,WFC3/UVIS,HST,F475W,23.66,0.42,0.0,2017Natur.551...71T,R,,,,
57990.645,8.116,WFC3/UVIS,HST,F475W,23.14,0.02,0.0,this,paper,*,A,,
57990.968,8.439,GROND,LaSilla,H,19.26,0.26,0.0,2017Natur.551...75S,*,,,,
57990.968,8.439,GROND,LaSilla,J,19.64,0.11,0.0,2017Natur.551...75S,*,,,,
57990.968,8.439,GROND,LaSilla,K,18.35,0.16,-0.51,2017Natur.551...75S,*,,,,
57990.972,8.443,VIMOS,VLT,z,20.28,0.03,0.0,2017ApJ...848L..27T,*,,,,
57990.972,8.443,LDSS,Magellan,z,20.4,0.07,0.0,2017arXiv171005443D,*,,,,
57990.973,8.444,DECam,Blanco/CTIO,Y,20.06,0.07,0.0,2017ApJ...848L..17C,*,,,,
57990.979,8.45,ANDICAM,1.3m/CTIO,K,18.44,0.18,0.0,2017arXiv171005436K,*,,,,
57990.979,8.45,VIRCAM,VISTA,Ks,18.25,0.03,0.0,2017ApJ...848L..27T,*,,,,
57990.979,8.45,VIRCAM,VISTA,J,19.69,0.09,0.0,2017ApJ...848L..27T,*,,,,
57990.98,8.451,FLAMINGOS-2,Gemini-S,H,19.22,0.18,0.0,2017ApJ...848L..17C,*,,,,
57990.983,8.454,DECam,Blanco/CTIO,z,20.4,0.06,0.0,2017ApJ...848L..17C,*,,,,
57990.988,8.459,DECam,Blanco/CTIO,i,20.72,0.06,0.0,2017ApJ...848L..17C,*,,,,
57990.989,8.46,VIRCAM,VISTA,Y,19.67,0.09,0.0,2017ApJ...848L..27T,*,,,,
57990.989,8.46,VIMOS,VLT,r,21.75,0.05,0.0,2017ApJ...848L..27T,*,,,,
57990.99,8.461,FORS2,VLT,I,21.13,0.12,0.0,2017Natur.551...67P,*,,,,
57990.99,8.461,FORS2,VLT,z,20.61,0.09,0.0,2017Natur.551...67P,*,,,,
57990.997,8.468,DECam,Blanco/CTIO,r,21.95,0.18,0.0,2017ApJ...848L..17C,*,,,,
57991.0,8.471,FORS2,VLT,R,22.5,0.24,0.0,2017Natur.551...67P,*,,,,
57991.01,8.481,FORS2,VLT,V,23.15,0.26,0.0,2017Natur.551...67P,*,,,,
57991.709,9.18,SIRIUS,IRSF,H,18.83,0.23,0.0,2017arXiv171005436K,*,,,,
57991.709,9.18,SIRIUS,IRSF,H,18.9,0.09,0.0,2017arXiv171005848U,*,,,,
57991.709,9.18,SIRIUS,IRSF,J,19.32,0.08,0.0,2017arXiv171005848U,,,,,
57991.709,9.18,SIRIUS,IRSF,Ks,18.25,0.21,0.0,2017arXiv171005436K,*,,,,
57991.709,9.18,SIRIUS,IRSF,Ks,18.34,0.06,0.0,2017arXiv171005848U,*,,,,
57991.956,9.427,WFC3/IR,HST,F160W,19.6,0.06,0.0,2017ApJ...848L..27T,R,,,,
57991.956,9.427,WFC3/IR,HST,F160W,19.77,0.07,0.0,2017Natur.551...71T,*,R,,,
57991.959,9.43,FLAMINGOS-2,Gemini-S,H,19.62,0.15,0.0,2017ApJ...848L..17C,R,,,,
57991.959,9.43,FLAMINGOS-2,Gemini-S,H,19.68,0.08,0.0,2017arXiv171005436K,R,,,,
57991.959,9.43,FLAMINGOS-2,Gemini-S,H,19.67,0.08,0.0,this,paper,*,A,,
57991.959,9.43,FLAMINGOS-2,Gemini-S,J,20.57,0.2,0.0,2017arXiv171005436K,*,,,,
57991.959,9.43,FLAMINGOS-2,Gemini-S,Ks,18.5,0.08,0.0,2017arXiv171005436K,*,,,,
57991.969,9.44,ANDICAM,1.3m/CTIO,K,18.43,0.17,0.0,2017arXiv171005436K,*,,,,
57991.969,9.44,GROND,LaSilla,H,19.66,0.14,0.0,2017Natur.551...75S,*,,,,
57991.969,9.44,GROND,LaSilla,J,20.23,0.1,0.0,2017Natur.551...75S,*,,,,
57991.969,9.44,GROND,LaSilla,K,18.46,0.2,-0.57,2017Natur.551...75S,*,,,,
57991.974,9.445,VIMOS,VLT,z,20.85,0.04,0.0,2017ApJ...848L..27T,*,,,,
57991.974,9.445,DECam,Blanco/CTIO,Y,20.78,0.11,0.0,2017ApJ...848L..17C,*,,,,
57991.979,9.45,VIRCAM,VISTA,Ks,18.49,0.05,0.0,2017ApJ...848L..27T,*,,,,
57991.979,9.45,VIRCAM,VISTA,J,20.06,0.14,0.0,2017ApJ...848L..27T,*,,,,
57991.989,9.46,VIRCAM,VISTA,Y,20.09,0.14,0.0,2017ApJ...848L..27T,*,,,,
57991.989,9.46,VIMOS,VLT,r,22.2,0.04,0.0,2017ApJ...848L..27T,*,,,,
57991.991,9.462,FORS,VLT,z,20.69,0.11,0.0,2017ApJ...848L..27T,*,,,,
57991.994,9.465,DECam,Blanco/CTIO,z,21.19,0.07,0.0,2017ApJ...848L..17C,*,,,,
57992.0,9.471,DECam,Blanco/CTIO,i,21.37,0.06,0.0,2017ApJ...848L..17C,*,,,,
57992.282,9.753,WFC3/IR,HST,F110W,20.57,0.04,0.0,2017ApJ...848L..17C,*,,,,
57992.296,9.767,WFC3/IR,HST,F160W,19.89,0.04,0.0,2017ApJ...848L..17C,*,,,,
57992.348,9.819,WFC3/UVIS1,HST,F336W,26.92,0.27,0.0,2017ApJ...848L..17C,*,,,,
57992.433,9.904,ACS/WFC,HST,F475W,23.95,0.06,0.0,2017ApJ...848L..17C,*,,,,
57992.498,9.969,ACS/WFC,HST,F625W,22.88,0.07,0.0,2017ApJ...848L..17C,*,,,,
57992.561,10.032,ACS/WFC,HST,F775W,22.35,0.08,0.0,2017ApJ...848L..17C,*,,,,
57992.573,10.044,ACS/WFC,HST,F850W,21.53,0.05,0.0,2017ApJ...848L..17C,*,,,,
57992.959,10.43,FLAMINGOS-2,Gemini-S,Ks,18.77,0.07,0.0,2017arXiv171005436K,*,,,,
57992.969,10.44,FLAMINGOS-2,Gemini-S,H,19.63,0.08,0.0,2017arXiv171005436K,*,,,,
57992.969,10.44,FLAMINGOS-2,Gemini-S,J,21.33,0.3,0.0,2017arXiv171005436K,*,,,,
57992.969,10.44,ANDICAM,1.3m/CTIO,K,18.91,0.19,0.0,2017arXiv171005436K,*,,,,
57992.975,10.446,DECam,Blanco/CTIO,Y,21.67,0.21,0.0,2017ApJ...848L..17C,*,,,,
57992.975,10.446,EFOSC2,NTT,J,21.02,0.22,0.0,2017Natur.551...75S,*,,,,
57992.978,10.449,FLAMINGOS-2,Gemini-S,Ks,18.43,0.25,0.0,2017ApJ...848L..17C,*,,,,
57992.979,10.45,VIRCAM,VISTA,Ks,18.74,0.06,0.0,2017ApJ...848L..27T,*,,,,
57992.98,10.451,FORS2,VLT,z,22.01,0.21,0.0,2017Natur.551...67P,*,,,,
57992.981,10.452,FLAMINGOS-2,Gemini-S,H,20.04,0.15,0.0,2017ApJ...848L..17C,*,,,,
57992.987,10.458,DECam,Blanco/CTIO,z,22.06,0.13,0.0,2017ApJ...848L..17C,*,,,,
57992.989,10.46,VIRCAM,VISTA,J,20.94,0.35,0.0,2017ApJ...848L..27T,*,,,,
57992.989,10.46,VIMOS,VLT,r,22.45,0.07,0.0,2017ApJ...848L..27T,*,,,,
57992.99,10.461,FORS2,VLT,I,22.05,0.29,0.0,2017Natur.551...67P,*,,,,
57993.0,10.471,DECam,Blanco/CTIO,i,22.38,0.1,0.0,2017ApJ...848L..17C,*,,,,
57993.01,10.481,FORS2,VLT,R,23.38,0.28,0.0,2017Natur.551...67P,*,,,,
57993.01,10.481,FORS2,VLT,V,23.76,0.28,0.0,2017Natur.551...67P,*,,,,
57993.016,10.487,GROND,LaSilla,H,20.17,0.34,0.0,2017Natur.551...75S,*,,,,
57993.016,10.487,GROND,LaSilla,K,18.71,0.22,-0.79,2017Natur.551...75S,*,,,,
57993.079,10.55,WFC3/IR,HST,F110W,20.82,0.02,0.0,2017ApJ...848L..27T,R,,,,
57993.079,10.55,WFC3/IR,HST,F110W,21.37,0.12,0.0,2017Natur.551...71T,*,R,,,
57993.148,10.619,WFC3/IR,HST,F160W,20.28,0.09,0.0,2017ApJ...848L..27T,R,,,,
57993.148,10.619,WFC3/IR,HST,F160W,20.45,0.1,0.0,2017Natur.551...71T,R,,,,
57993.148,10.619,WFC3/IR,HST,F160W,20.36,0.09,0.0,this,paper,*,A,,
57993.699,11.17,SIRIUS,IRSF,H,19.53,0.21,0.0,2017arXiv171005848U,*,,,,
57993.699,11.17,SIRIUS,IRSF,Ks,18.64,0.12,0.0,2017arXiv171005848U,*,,,,
57993.814,11.285,WFC3/UVIS,HST,F606W,23.77,0.38,0.0,2017Natur.551...71T,*,,,,
57993.829,11.3,WFC3/UVIS,HST,F475W,24.08,0.05,0.0,2017ApJ...848L..27T,R,,,,
57993.829,11.3,WFC3/UVIS,HST,F475W,24.75,0.69,0.0,2017Natur.551...71T,R,,,,
57993.829,11.3,WFC3/UVIS,HST,F475W,24.08,0.05,0.0,this,paper,*,A,,
57993.94,11.411,WFC3/UVIS,HST,F475W,23.96,0.05,0.0,2017ApJ...848L..27T,R,,,,
57993.94,11.411,WFC3/UVIS,HST,F475W,24.55,0.64,0.0,2017Natur.551...71T,R,,,,
57993.94,11.411,WFC3/UVIS,HST,F475W,23.96,0.05,0.0,this,paper,*,A,,
57993.957,11.428,WFC3/UVIS,HST,F814W,22.32,0.02,0.0,2017ApJ...848L..27T,R,,,,
57993.957,11.428,WFC3/UVIS,HST,F814W,22.58,0.34,0.0,2017Natur.551...71T,R,,,,
57993.957,11.428,WFC3/UVIS,HST,F814W,22.32,0.02,0.0,this,paper,*,A,,
57993.96,11.431,EFOSC2,NTT,H,20.05,0.2,0.0,2017Natur.551...75S,*,,,,
57993.968,11.439,WFC3/UVIS,HST,F606W,23.66,0.36,0.0,2017Natur.551...71T,R,,,,
57993.968,11.439,WFC3/UVIS,HST,F606W,23.09,0.03,0.0,2017ApJ...848L..27T,R,,,,
57993.968,11.439,WFC3/UVIS,HST,F606W,23.09,0.03,0.0,this,paper,*,A,,
57993.979,11.45,FLAMINGOS-2,Gemini-S,Ks,19.03,0.17,0.0,2017ApJ...848L..17C,R,,,,
57993.979,11.45,FLAMINGOS-2,Gemini-S,Ks,19.41,0.09,0.0,2017arXiv171005436K,R,O,,,
57993.979,11.45,FLAMINGOS-2,Gemini-S,Ks,18.99,0.05,0.0,2017Natur.551...71T,R,,,,
57993.979,11.45,FLAMINGOS-2,Gemini-S,Ks,18.99,0.05,0.0,this,paper,*,A,,
57993.98,11.451,FORS2,VLT,z,22.82,0.47,0.0,2017Natur.551...67P,*,,,,
57993.989,11.46,FLAMINGOS-2,Gemini-S,H,20.24,0.18,0.0,2017Natur.551...71T,*,R,,,
57993.989,11.46,FLAMINGOS-2,Gemini-S,J,20.35,0.12,0.0,2017Natur.551...71T,*,R,,,
57993.989,11.46,VIRCAM,VISTA,J,21.16,0.4,0.0,2017ApJ...848L..27T,*,,,,
57993.997,11.468,SOFI,NTT,H,19.64,0.14,0.0,2017arXiv171005443D,*,,,,
57994.0,11.471,FORS2,VLT,I,23.0,0.31,0.0,2017Natur.551...67P,*,,,,
57994.962,12.433,FourStar,Magellan,Ks,19.36,0.09,0.0,2017arXiv171005443D,*,,,,
57994.969,12.44,FLAMINGOS-2,Gemini-S,Ks,19.42,0.16,0.0,2017ApJ...848L..17C,R,,,,
57994.969,12.44,FLAMINGOS-2,Gemini-S,Ks,19.44,0.08,0.0,2017arXiv171005436K,R,,,,
57994.969,12.44,FLAMINGOS-2,Gemini-S,Ks,19.46,0.04,0.0,2017Natur.551...71T,R,,,,
57994.969,12.44,FLAMINGOS-2,Gemini-S,Ks,19.45,0.04,0.0,this,paper,*,A,,
57994.969,12.44,VIMOS,VLT,r,23.12,0.31,0.0,2017ApJ...848L..27T,*,,,,
57994.979,12.45,FLAMINGOS-2,Gemini-S,H,20.99,0.21,0.0,2017Natur.551...71T,R,,,,
57994.979,12.45,FLAMINGOS-2,Gemini-S,H,20.57,0.19,0.0,2017arXiv171005436K,R,,,,
57994.979,12.45,FLAMINGOS-2,Gemini-S,H,20.76,0.19,0.0,this,paper,*,A,,
57994.985,12.456,SOFI,NTT,Ks,19.32,0.09,0.0,2017arXiv171005443D,*,,,,
57994.989,12.46,VIRCAM,VISTA,Ks,19.34,0.08,0.0,2017ApJ...848L..27T,*,,,,
57995.959,13.43,FLAMINGOS-2,Gemini-S,Ks,19.63,0.23,0.0,2017ApJ...848L..17C,R,,,,
57995.959,13.43,FLAMINGOS-2,Gemini-S,Ks,19.84,0.09,0.0,2017arXiv171005436K,R,,,,
57995.959,13.43,FLAMINGOS-2,Gemini-S,Ks,19.81,0.09,0.0,this,paper,*,A,,
57995.961,13.432,EFOSC2,NTT,K,19.67,0.14,0.0,2017Natur.551...75S,*,,,,
57995.969,13.44,VIMOS,VLT,z,22.3,0.28,0.0,2017ApJ...848L..27T,*,,,,
57995.978,13.449,FourStar,Magellan,Ks,19.52,0.09,0.0,2017arXiv171005443D,*,,,,
57995.979,13.45,FLAMINGOS-2,Gemini-S,H,21.48,0.3,0.0,2017arXiv171005436K,R,,,,
57995.979,13.45,FLAMINGOS-2,Gemini-S,H,21.01,0.14,0.0,2017Natur.551...71T,R,,,,
57995.979,13.45,FLAMINGOS-2,Gemini-S,H,21.09,0.14,0.0,this,paper,*,A,,
57995.99,13.461,SOFI,NTT,Ks,19.43,0.09,0.0,2017arXiv171005443D,*,,,,
57996.799,14.27,MOIRCS,Subaru,Ks,19.35,0.04,0.0,2017arXiv171005848U,O,,,,
57996.974,14.445,FLAMINGOS-2,Gemini-S,Ks,19.9,0.21,0.0,2017ApJ...848L..17C,R,,,,
57996.974,14.445,FLAMINGOS-2,Gemini-S,Ks,20.06,0.1,0.0,2017arXiv171005436K,R,,,,
57996.974,14.445,FLAMINGOS-2,Gemini-S,Ks,19.93,0.03,0.0,2017Natur.551...71T,R,,,,
57996.974,14.445,FLAMINGOS-2,Gemini-S,Ks,19.94,0.03,0.0,this,paper,*,A,,
57996.98,14.451,FORS2,VLT,z,23.34,0.37,0.0,2017Natur.551...67P,*,,,,
57996.989,14.46,VIRCAM,VISTA,Ks,20.02,0.13,0.0,2017ApJ...848L..27T,*,,,,
57996.999,14.47,FLAMINGOS-2,Gemini-S,H,21.63,0.36,0.0,2017arXiv171005436K,*,,,,
57997.799,15.27,MOIRCS,Subaru,Ks,19.97,0.05,0.0,2017arXiv171005848U,*,,,,
57997.97,15.441,FourStar,Magellan,Ks,20.23,0.1,0.0,2017arXiv171005443D,*,,,,
57997.976,15.447,FLAMINGOS-2,Gemini-S,Ks,20.13,0.25,0.0,2017ApJ...848L..17C,R,,,,
57997.976,15.447,FLAMINGOS-2,Gemini-S,Ks,20.43,0.13,0.0,2017arXiv171005436K,R,O,,,
57997.976,15.447,FLAMINGOS-2,Gemini-S,Ks,20.06,0.05,0.0,2017Natur.551...71T,R,,,,
57997.976,15.447,FLAMINGOS-2,Gemini-S,Ks,20.06,0.05,0.0,this,paper,*,A,,
57998.979,16.45,FLAMINGOS-2,Gemini-S,Ks,20.43,0.3,0.0,2017ApJ...848L..17C,R,,,,
57998.979,16.45,FLAMINGOS-2,Gemini-S,Ks,20.31,0.08,0.0,2017Natur.551...71T,R,,,,
57998.979,16.45,FLAMINGOS-2,Gemini-S,Ks,20.95,0.18,0.0,2017arXiv171005436K,R,O,,,
57998.979,16.45,FLAMINGOS-2,Gemini-S,Ks,20.32,0.08,0.0,this,paper,*,A,,
57999.979,17.45,HAWKI,VLT,Ks,20.77,0.13,0.0,2017ApJ...848L..27T,*,,,,
57999.989,17.46,FLAMINGOS-2,Gemini-S,Ks,20.61,0.09,0.0,2017Natur.551...71T,*,R,,,
58000.96,18.431,FourStar,Magellan,Ks,20.81,0.13,0.0,2017arXiv171005443D,*,,,,
58000.966,18.437,EFOSC2,NTT,K,20.76,0.35,0.0,2017Natur.551...75S,*,,,,
58000.978,18.449,FLAMINGOS-2,Gemini-S,Ks,20.84,0.26,0.0,2017ApJ...848L..17C,R,,,,
58000.978,18.449,FLAMINGOS-2,Gemini-S,Ks,21.04,0.09,0.0,2017arXiv171005436K,R,,,,
58000.978,18.449,FLAMINGOS-2,Gemini-S,Ks,21.02,0.09,0.0,this,paper,*,A,,
58000.99,18.461,FourStar,Magellan,Ks,20.93,0.17,0.0,2017arXiv171005443D,*,,,,
58001.989,19.46,FLAMINGOS-2,Gemini-S,Ks,21.23,0.37,0.0,2017arXiv171005436K,R,,,,
58001.989,19.46,FLAMINGOS-2,Gemini-S,Ks,20.85,0.13,0.0,2017Natur.551...71T,R,,,,
58001.989,19.46,FLAMINGOS-2,Gemini-S,Ks,20.89,0.13,0.0,this,paper,*,A,,
58001.992,19.463,VIMOS,VLT,z,23.37,0.48,0.0,2017ApJ...848L..27T,*,,,,
58003.969,21.44,HAWKI,VLT,Ks,21.46,0.08,0.0,2017ApJ...848L..27T,*,,,,
58007.969,25.44,HAWKI,VLT,Ks,22.06,0.22,0.0,2017ApJ...848L..27T,*,,,,
